# PSC	[2]id	[3]sample	[4]nRefHom	[5]nNonRefHom	[6]nHets	[7]nTransitions	[8]nTransversions	[9]nIndels	[10]average depth	[11]nSingletons	[12]nHapRef	[13]nHapAlt	[14]nMissing
PSC	0	AB1	3089983	66060	1322	38937	28445	24409	36.3	692	0	0	152678
PSC	0	BRC20067	2986609	64861	981	37909	27933	23327	24.1	1006	0	0	258860
PSC	0	BRC20263	3009322	110426	2739	65112	48053	39347	32.1	693	0	0	172079
PSC	0	ECA243	3229386	42975	1118	24831	19262	17142	99.2	1017	0	0	44056
PSC	0	CB4852	3214776	47634	589	27575	20648	19140	27.5	546	0	0	52421
PSC	0	ECA246	3003125	78361	1455	45683	34133	28204	51.1	438	0	0	223260
PSC	0	CB4854	2944203	70833	1515	41554	30794	25291	55.3	2031	0	0	292725
PSC	0	ECA248	3067403	92004	1814	53405	40413	35743	31.6	532	0	0	137015
PSC	0	CB4856	2863630	172861	5997	102457	76401	61091	30.0	13003	0	0	229179
PSC	0	ECA250	2831170	75379	1676	44588	32467	24641	73.0	334	0	0	401756
PSC	0	ECA251	3087798	79630	1310	46272	34668	30606	39.8	219	0	0	134896
PSC	0	CB4932	3176929	61094	2016	35832	27278	24845	30.0	735	0	0	69620
PSC	0	CX11254	2911271	100780	2654	59672	43762	32393	88.0	508	0	0	287175
PSC	0	CX11262	2940419	119982	3756	71255	52483	40299	49.1	689	0	0	229401
PSC	0	CX11264	3010362	117341	13138	74683	55796	45444	34.4	1239	0	0	147101
PSC	0	CX11271	3140880	72707	5047	43894	33860	31159	34.9	1164	0	0	84469
PSC	0	CX11276	2913142	86198	2314	51095	37417	28228	30.7	1659	0	0	304478
PSC	0	CX11285	2995114	119762	3179	70349	52592	45231	27.4	857	0	0	170268
PSC	0	CX11292	3164481	68256	1013	39409	29860	27799	41.6	506	0	0	72850
PSC	0	CX11307	2959539	109203	2988	64545	47646	35798	63.8	942	0	0	226574
PSC	0	CX11314	2961766	107994	2275	63533	46736	35998	28.1	331	0	0	226096
PSC	0	CX11315	2856170	97120	5043	59033	43130	31628	30.7	591	0	0	344216
PSC	0	DL200	2977093	87887	2263	51473	38677	32253	50.4	1015	0	0	234931
PSC	0	DL226	3000495	101847	2851	60195	44503	37305	30.5	1367	0	0	191386
PSC	0	DL238	2872758	185909	6121	110553	81477	65527	38.1	24081	0	0	202214
PSC	0	ECA189	2836990	168131	4511	99045	73597	56540	25.2	6022	0	0	267095
PSC	0	ECA191	2563247	313599	9003	182651	139951	99687	38.5	14259	0	0	345921
PSC	0	ECA347	2580306	320658	26407	195027	152038	111858	33.9	27706	0	0	291243
PSC	0	ECA348	2951494	136694	11282	84581	63395	51913	34.0	1333	0	0	181646
PSC	0	ECA349	2994523	99066	2450	58313	43203	35985	39.6	632	0	0	202099
PSC	0	ECA36	2519787	354836	12030	207063	159803	111632	28.5	4246	0	0	332485
PSC	0	ECA363	2529733	337045	11876	196540	152381	106337	26.7	19047	0	0	345867
PSC	0	ECA369	2520021	256347	41485	173465	124367	84528	33.2	70803	0	0	428959
PSC	0	ECA372	2853143	159053	3859	93477	69435	54486	23.4	2604	0	0	262806
PSC	0	ECA396	2572810	296477	38684	189095	146066	105217	32.3	24331	0	0	317689
PSC	0	ECA592	2968506	133217	6475	79495	60197	52531	34.0	2749	0	0	172597
PSC	0	ECA593	2881355	163553	11488	100343	74698	61085	34.5	3038	0	0	215135
PSC	0	ECA594	2926621	143178	8590	86831	64937	53807	34.0	1581	0	0	201082
PSC	0	ECA640	3012486	119756	3347	70812	52291	43275	34.3	1088	0	0	154734
PSC	0	ECA701	2351511	421924	21694	252598	191020	130285	32.1	157861	0	0	403718
PSC	0	ECA703	2851446	183937	4894	107943	80888	65548	25.5	14661	0	0	226731
PSC	0	ECA705	2872103	166718	5473	98678	73513	60444	26.4	5820	0	0	228066
PSC	0	ECA706	2888226	170713	7623	102087	76249	62651	30.9	14109	0	0	203332
PSC	0	ECA710	2898909	162070	4003	95377	70696	58337	31.5	4805	0	0	209636
PSC	0	ECA712	2880509	161309	3899	94741	70467	57754	32.6	2188	0	0	229410
PSC	0	ECA722	2624908	320201	10958	186261	144898	108145	30.6	22451	0	0	266514
PSC	0	ECA723	2642156	310986	10797	180780	141003	105522	33.2	23444	0	0	261413
PSC	0	ECA724	2611650	317074	9210	183414	142870	106015	33.2	25433	0	0	286815
PSC	0	ECA730	2650659	304645	8411	175516	137540	102946	29.1	9025	0	0	264414
PSC	0	ECA732	2851249	182368	6733	108828	80273	64923	27.3	8139	0	0	227136
PSC	0	ECA733	2857295	177310	6515	105799	78026	63763	28.6	7886	0	0	227513
PSC	0	ECA738	2904138	161858	4787	95547	71098	58281	30.0	5559	0	0	203840
PSC	0	ECA740	2547999	353867	12752	206530	160089	114960	31.6	15066	0	0	300750
PSC	0	ECA741	2561300	348609	11643	202237	158015	114956	27.4	16683	0	0	293854
PSC	0	ECA742	2520442	356442	19344	212058	163728	117669	28.8	21258	0	0	316150
PSC	0	ECA743	2906666	158501	5982	93670	70813	58186	31.1	4941	0	0	203625
PSC	0	ECA744	2648434	309171	9244	179161	139254	103597	29.6	27693	0	0	260438
PSC	0	ECA745	2634385	319512	9205	185242	143475	107374	26.7	25346	0	0	260120
PSC	0	ECA746	2639749	314983	8961	182444	141500	105504	34.5	34457	0	0	261605
PSC	0	ECA760	2919512	158364	5877	93603	70638	59220	30.6	662	0	0	189766
PSC	0	ECA768	2889760	167752	6141	99512	74381	60430	32.6	698	0	0	208687
PSC	0	ECA777	2918736	157879	5651	93260	70270	59016	28.7	901	0	0	191532
PSC	0	ECA778	2921969	158810	4428	93294	69944	57565	30.6	653	0	0	190213
PSC	0	ECA807	2863098	168700	7674	100585	75789	62044	36.1	2616	0	0	231148
PSC	0	ECA812	2884341	161461	3847	94622	70686	58299	30.1	848	0	0	224916
PSC	0	ECA923	2822392	116092	9851	73388	52555	39583	33.7	2151	0	0	345853
PSC	0	ECA928	2853173	128371	13283	81742	59912	45523	28.9	2409	0	0	293353
PSC	0	ECA930	2920365	88837	10196	57227	41806	32558	26.1	548	0	0	282256
PSC	0	ED3005	2947678	98584	3582	59040	43126	34337	25.8	404	0	0	250012
PSC	0	ED3011	2836035	83059	2081	49272	35868	27885	36.3	532	0	0	385435
PSC	0	ED3012	3202713	34289	903	19994	15198	12264	28.3	565	0	0	84636
PSC	0	ED3017	3130747	64964	17956	47350	35570	31616	35.5	913	0	0	88973
PSC	0	ED3040	3113070	85777	932	49418	37291	33848	53.4	904	0	0	100606
PSC	0	ED3046	3019453	107189	2862	62892	47159	40802	66.5	247	0	0	163435
PSC	0	ED3048	3017378	65590	974	37990	28574	24010	62.7	701	0	0	226670
PSC	0	ED3049	3015304	107821	2107	62836	47092	40707	31.7	255	0	0	167791
PSC	0	ED3052	3088029	84135	2302	49288	37149	32449	62.6	910	0	0	127373
PSC	0	ED3073	3115753	80357	2299	47075	35581	31832	36.2	1057	0	0	103950
PSC	0	ED3077	3076590	92946	1335	53912	40369	34739	44.3	947	0	0	128536
PSC	0	EG4347	2965730	35112	533	20568	15077	12227	52.8	425	0	0	321368
PSC	0	EG4349	2935746	125036	2931	73560	54407	43497	27.7	887	0	0	226747
PSC	0	EG4724	3020218	114884	4854	68700	51038	42683	28.8	1175	0	0	151137
PSC	0	EG4725	2910267	142703	10647	87905	65445	51370	52.8	2723	0	0	218362
PSC	0	EG4946	3139387	63908	1084	37307	27685	23774	37.1	532	0	0	106233
PSC	0	GXW1	3118842	82734	1593	47944	36383	32824	53.6	1220	0	0	98155
PSC	0	JT11398	3163803	59928	1052	34542	26438	24192	40.5	806	0	0	85546
PSC	0	JU1088	2879161	76668	2577	45724	33521	25381	36.8	917	0	0	350731
PSC	0	JU1172	3020061	80999	1565	47454	35110	29385	29.3	647	0	0	202345
PSC	0	JU1200	3289379	14985	257	8424	6818	6404	31.0	655	0	0	24029
PSC	0	JU1212	2820217	75387	2419	45413	32393	23558	58.7	1125	0	0	412995
PSC	0	JU1213	2830096	98468	2751	58263	42956	32485	25.2	576	0	0	370612
PSC	0	JU1242	3016102	84613	1637	48943	37307	31046	25.0	500	0	0	201084
PSC	0	JU1246	2927722	86530	2251	50776	38005	31417	33.5	462	0	0	286508
PSC	0	JU1249	3210577	22824	1074	13541	10357	9593	30.5	769	0	0	90847
PSC	0	JU1395	2960834	48028	805	28095	20738	17033	32.2	794	0	0	308108
PSC	0	JU1400	3001854	123673	5852	74542	54983	44541	16.8	1797	0	0	157586
PSC	0	JU1409	3136189	73029	2367	42938	32458	29514	46.3	981	0	0	93213
PSC	0	JU1440	3130120	70158	1175	40888	30445	26599	44.4	705	0	0	106327
PSC	0	JU1491	3094581	97780	1991	56814	42957	36765	35.6	1022	0	0	102949
PSC	0	JU1530	3141330	76378	971	44006	33343	30524	59.5	620	0	0	85058
PSC	0	JU1543	3234115	26478	1511	15885	12104	10620	53.7	733	0	0	62282
PSC	0	JU1568	3141560	23883	555	13599	10839	10312	30.0	650	0	0	158697
PSC	0	JU1580	3022429	55948	98188	88476	65660	53851	33.0	548	0	0	103107
PSC	0	JU1581	3109408	81759	23605	59890	45474	41705	87.3	1011	0	0	77376
PSC	0	JU1586	3256624	28184	1080	16576	12688	12471	65.5	861	0	0	36430
PSC	0	JU1652	2760079	89099	2584	53010	38673	28728	53.0	1189	0	0	453913
PSC	0	JU1666	3043541	102431	2155	59520	45066	39452	23.6	861	0	0	146460
PSC	0	JU1792	3157733	58883	833	33958	25758	22861	33.8	698	0	0	94275
PSC	0	JU1793	2925839	149653	2933	87719	64867	52242	34.7	380	0	0	202991
PSC	0	JU1808	3107263	77225	2573	45483	34315	31107	34.1	346	0	0	116158
PSC	0	JU1896	3098184	81813	2307	47685	36435	32305	31.9	1561	0	0	119306
PSC	0	JU1934	3101626	85836	1151	49369	37618	33577	38.9	435	0	0	112132
PSC	0	JU2001	2972382	134336	2996	78986	58346	48684	33.7	3998	0	0	175160
PSC	0	JU2007	3108066	86844	1220	50128	37936	33895	52.2	1417	0	0	104224
PSC	0	JU2016	3088805	74605	895	43186	32314	28941	52.5	498	0	0	141121
PSC	0	JU2017	3015328	108194	2027	62828	47393	40202	31.3	2134	0	0	168161
PSC	0	JU2106	2993705	120368	2348	70601	52115	41652	30.4	778	0	0	176061
PSC	0	JU2131	3029380	105911	2086	61397	46600	40621	31.9	725	0	0	156095
PSC	0	JU2141	3091464	84703	1204	48654	37253	33554	26.6	472	0	0	123372
PSC	0	JU2234	3106928	82214	1460	47377	36297	31851	29.7	1569	0	0	111772
PSC	0	JU2250	3073781	95921	1324	55043	42202	38010	32.8	399	0	0	125208
PSC	0	JU2257	3231998	32381	706	18566	14521	13659	28.3	830	0	0	56121
PSC	0	JU2316	2858841	178388	13514	108986	82916	63307	27.7	1031	0	0	219089
PSC	0	JU2464	2892211	88717	1811	52088	38440	30771	38.4	1014	0	0	320852
PSC	0	JU2466	3136076	63990	3014	38054	28950	26738	24.4	876	0	0	104546
PSC	0	JU2478	3131984	75065	557	42993	32629	30239	38.1	790	0	0	96568
PSC	0	JU2513	3026192	83417	1827	48938	36306	30468	35.9	1233	0	0	192276
PSC	0	JU2519	2879119	143087	12199	88989	66297	50907	28.7	435	0	0	248463
PSC	0	JU2522	2968948	112427	1775	65695	48507	39576	34.5	459	0	0	211445
PSC	0	JU2526	2750240	198978	5199	116714	87463	63567	29.0	785	0	0	315427
PSC	0	JU2534	3157735	63187	749	36382	27554	24557	25.2	796	0	0	88362
PSC	0	JU2565	3240137	27725	783	15750	12758	12770	38.5	731	0	0	53446
PSC	0	JU2566	3223032	40261	594	23239	17616	15714	27.1	672	0	0	55238
PSC	0	JU2570	3079855	95193	1214	54593	41814	37759	33.3	447	0	0	120201
PSC	0	JU2572	3176425	55544	2991	33576	24959	20779	34.6	832	0	0	78868
PSC	0	JU2575	3202183	40896	606	23666	17836	17003	40.2	569	0	0	74061
PSC	0	JU2576	3046342	99360	2490	57485	44365	39060	31.8	1896	0	0	146696
PSC	0	JU2578	3083215	82534	2063	47954	36643	32894	34.3	711	0	0	133521
PSC	0	JU258	2774198	150742	4767	89430	66079	49898	30.9	2517	0	0	354164
PSC	0	JU2581	3004341	102475	2095	59431	45139	38250	45.2	234	0	0	186956
PSC	0	JU2586	2975128	120991	1957	70565	52383	44710	25.4	818	0	0	191070
PSC	0	JU2587	2959043	103030	10887	65408	48509	38347	31.0	1467	0	0	222681
PSC	0	JU2592	3081054	69873	1726	40815	30784	26194	25.8	1314	0	0	155581
PSC	0	JU2593	3001085	109390	3809	64581	48618	40393	30.9	496	0	0	179293
PSC	0	JU2600	3053678	98694	2686	57852	43528	37134	35.6	352	0	0	141820
PSC	0	JU2610	3045260	100245	2856	58820	44281	37617	31.1	390	0	0	148086
PSC	0	JU2619	3018287	91202	11161	58996	43367	36187	34.2	987	0	0	177069
PSC	0	JU2800	3074742	93984	1290	53895	41379	36739	33.2	967	0	0	127470
PSC	0	JU2811	2970476	130797	3152	76608	57341	46664	39.0	4168	0	0	182549
PSC	0	JU2825	3168013	56201	6522	35764	26959	22422	30.5	723	0	0	81275
PSC	0	JU2829	3018736	108862	2362	63216	48008	41056	36.3	342	0	0	162899
PSC	0	JU2838	3021974	115252	1795	67285	49762	41439	32.6	2135	0	0	153422
PSC	0	JU2841	3037193	103076	2542	60104	45514	39088	36.4	1887	0	0	151978
PSC	0	JU2853	3201717	47383	648	27044	20987	19708	30.3	684	0	0	65279
PSC	0	JU2862	3115356	79858	726	45817	34767	31522	35.8	753	0	0	106872
PSC	0	JU2866	3048136	97113	1973	56935	42151	35532	34.0	720	0	0	151392
PSC	0	JU2878	3039508	108300	2013	63457	46856	38638	36.7	4337	0	0	145388
PSC	0	JU2879	2958425	135146	4640	80548	59238	47114	44.7	1974	0	0	188313
PSC	0	JU2906	3132438	55520	871	32279	24112	21217	40.1	841	0	0	124646
PSC	0	JU2907	3185963	28840	377	16905	12312	10849	25.6	803	0	0	108906
PSC	0	JU310	3136721	75085	3592	44789	33888	30958	29.2	668	0	0	87919
PSC	0	JU311	3020768	59680	1470	34833	26317	22505	48.5	358	0	0	230141
PSC	0	JU3125	3078378	80122	6104	49854	36372	30708	29.1	463	0	0	138961
PSC	0	JU3127	3034061	83367	8238	52714	38891	31971	33.5	652	0	0	176548
PSC	0	JU3128	3009546	61116	7007	38997	29126	24658	26.3	892	0	0	232221
PSC	0	JU3132	3073603	90216	5898	54475	41639	37442	25.6	760	0	0	127019
PSC	0	JU3134	3046998	77409	9414	49337	37486	31931	39.4	1570	0	0	168356
PSC	0	JU3135	2951444	65277	12048	44589	32736	26609	36.0	740	0	0	279039
PSC	0	JU3137	3033553	91779	6138	55801	42116	36555	23.6	1314	0	0	166040
PSC	0	JU3140	3072337	96904	5276	57830	44350	40972	30.6	492	0	0	118408
PSC	0	JU3141	3155918	65573	2039	38297	29315	27644	39.0	703	0	0	83197
PSC	0	JU3144	2907162	91715	19144	63842	47017	36368	37.3	1152	0	0	279847
PSC	0	JU3166	2942231	134112	7911	81424	60599	52099	24.2	3205	0	0	196931
PSC	0	JU3167	2877957	163322	8136	98456	73002	59719	36.6	1715	0	0	224174
PSC	0	JU3169	2949064	131212	9283	79822	60673	52451	30.1	2399	0	0	191432
PSC	0	JU3224	2831263	101012	12982	66152	47842	34942	32.4	1036	0	0	353797
PSC	0	JU3225	2972163	64809	8294	41747	31356	25650	19.4	882	0	0	263576
PSC	0	JU3226	2353790	284657	64539	198819	150377	97956	24.6	3235	0	0	530544
PSC	0	JU3228	2935490	109735	9317	68430	50622	38117	20.6	1053	0	0	241274
PSC	0	JU323	3040478	80566	1832	47076	35322	30620	29.6	810	0	0	180943
PSC	0	JU3280	3056389	95700	2474	55603	42571	38314	34.4	986	0	0	141009
PSC	0	JU3282	3088713	80210	3612	47712	36110	31479	27.9	916	0	0	130201
PSC	0	JU3291	3059328	97362	3180	57386	43156	37779	29.8	534	0	0	136240
PSC	0	JU346	3094185	65315	20333	48930	36718	33269	30.7	840	0	0	121224
PSC	0	JU360	3061401	95383	4080	57091	42372	35261	40.5	465	0	0	137982
PSC	0	JU367	3188734	32094	484	18463	14115	14177	39.4	827	0	0	99339
PSC	0	JU393	2912541	90159	11705	59105	42759	32668	34.1	833	0	0	287194
PSC	0	JU394	3130254	38847	4293	24410	18730	15939	28.3	654	0	0	145451
PSC	0	JU397	3016714	79719	1410	46212	34917	29310	33.2	529	0	0	207392
PSC	0	JU406	3187647	40042	4345	25153	19234	17995	33.5	714	0	0	84633
PSC	0	JU440	3206257	47383	646	27020	21009	19923	32.5	755	0	0	60405
PSC	0	JU561	3046981	66648	1937	39515	29070	23428	38.1	699	0	0	195566
PSC	0	JU642	3062362	49406	34242	47408	36240	32596	29.5	864	0	0	155652
PSC	0	JU751	2946259	106634	4249	63972	46911	37187	42.7	314	0	0	239774
PSC	0	JU774	3040986	102082	4678	61616	45144	35545	36.0	849	0	0	150663
PSC	0	JU775	2904204	140496	41113	103282	78327	60314	43.9	544	0	0	187347
PSC	0	JU778	2980392	102914	2979	60480	45413	36685	39.2	649	0	0	211272
PSC	0	JU782	3005867	109725	44613	88552	65786	53204	41.1	836	0	0	120056
PSC	0	JU792	3093161	96930	1446	55591	42785	39132	85.6	457	0	0	103493
PSC	0	JU830	2892017	91036	2200	53947	39289	30574	46.1	613	0	0	318453
PSC	0	JU847	2787961	87479	2068	51636	37911	28797	33.1	898	0	0	428239
PSC	0	KR314	2951933	93797	1918	54671	41044	34320	23.9	1527	0	0	252233
PSC	0	LKC34	3086802	87852	1156	50865	38143	33373	32.9	1344	0	0	124992
PSC	0	MY1	3086447	97513	2829	57339	43003	36620	37.3	1170	0	0	110569
PSC	0	MY10	2994721	126422	3281	74757	54946	43436	66.9	2766	0	0	165700
PSC	0	MY16	2980254	130428	5301	77605	58124	46132	41.7	732	0	0	171407
PSC	0	MY18	3028928	107899	4283	64177	48005	40950	40.9	272	0	0	151793
PSC	0	MY2147	3074416	76704	1331	44456	33579	29506	48.4	1003	0	0	152499
PSC	0	MY2212	3056643	80260	1947	47292	34915	29963	29.9	721	0	0	165471
PSC	0	MY23	2887174	165458	9648	100500	74606	58324	32.6	1765	0	0	212505
PSC	0	MY2453	3105666	84137	1395	48441	37091	33481	57.6	584	0	0	109549
PSC	0	MY2530	3001694	36623	41895	44995	33523	27861	42.4	118	0	0	226535
PSC	0	MY2535	3104215	65214	802	37716	28300	24966	27.2	882	0	0	139386
PSC	0	MY2573	3114548	62315	998	35778	27535	24962	33.7	408	0	0	131836
PSC	0	MY2585	2986156	85475	1967	50433	37009	29982	32.1	671	0	0	230797
PSC	0	MY2693	3070152	80109	1950	46997	35062	30081	26.5	236	0	0	151940
PSC	0	MY2713	3039248	84758	2063	49812	37009	31235	35.4	545	0	0	176890
PSC	0	MY2741	2971412	108963	4924	65368	48519	38952	34.5	206	0	0	209754
PSC	0	MY518	2981011	85163	2410	50252	37321	31110	29.9	426	0	0	234606
PSC	0	MY679	3047935	79740	2176	46953	34963	29074	26.5	820	0	0	175531
PSC	0	MY772	3056354	87684	1267	50829	38122	34029	23.5	908	0	0	154968
PSC	0	MY795	2987253	92004	3533	54946	40591	32525	36.8	206	0	0	218945
PSC	0	MY920	3106852	79291	1136	45809	34618	31602	27.0	310	0	0	115418
PSC	0	N2	3299171	289	156	202	243	860	38.1	102	0	0	34737
PSC	0	NIC1	3124835	71209	1153	41389	30973	26075	38.0	1100	0	0	111046
PSC	0	NIC1049	3173191	59027	1145	33820	26352	24625	38.7	442	0	0	76579
PSC	0	NIC1107	3216770	44711	532	25548	19695	17971	30.1	625	0	0	54826
PSC	0	NIC1119	3030132	107320	3580	63945	46955	39844	37.6	2300	0	0	152995
PSC	0	NIC166	2744243	76444	2611	45390	33665	25940	35.0	903	0	0	485338
PSC	0	NIC195	2665609	149220	4583	89565	64238	44643	24.0	1582	0	0	469848
PSC	0	NIC199	2728200	156211	3689	92467	67433	49464	28.3	3644	0	0	396320
PSC	0	NIC2	3269710	21719	313	12515	9517	8990	26.9	510	0	0	34196
PSC	0	NIC207	3048454	52631	972	30191	23412	19573	38.1	787	0	0	213152
PSC	0	NIC231	2936439	73099	1265	42717	31647	26223	29.0	734	0	0	297597
PSC	0	NIC236	2721304	90181	2209	53485	38905	28573	27.9	802	0	0	492367
PSC	0	NIC242	2999937	63884	1047	37344	27587	22020	20.4	705	0	0	247822
PSC	0	NIC251	2748082	204345	5905	120257	89993	66170	25.0	4408	0	0	308712
PSC	0	NIC252	2935240	132527	9087	81512	60102	49050	26.0	2208	0	0	207696
PSC	0	NIC255	3067203	51673	4786	32241	24218	20149	36.4	925	0	0	190768
PSC	0	NIC256	2693404	135413	3540	80674	58279	42182	25.6	424	0	0	459532
PSC	0	NIC258	2732082	176195	3923	103452	76666	55004	19.7	573	0	0	366506
PSC	0	NIC259	3048059	87488	5653	52832	40309	35206	24.7	689	0	0	157722
PSC	0	NIC260	2960996	138730	3666	81421	60975	48174	36.6	515	0	0	182056
PSC	0	NIC261	2843951	155806	3466	91304	67968	52073	40.8	542	0	0	278538
PSC	0	NIC262	2791461	141873	14632	90006	66499	49553	28.0	738	0	0	336332
PSC	0	NIC265	2874016	173517	11956	105478	79995	62390	24.9	1139	0	0	211317
PSC	0	NIC266	2907404	120590	3160	71378	52372	41116	39.8	984	0	0	261736
PSC	0	NIC267	3001839	82373	1127	47617	35883	31046	24.8	693	0	0	218033
PSC	0	NIC268	2911910	130536	3423	76906	57053	46108	27.7	6629	0	0	241692
PSC	0	NIC269	2922089	118302	2590	69576	51316	43284	26.9	808	0	0	247769
PSC	0	NIC271	2776229	141341	4806	84374	61773	45968	29.2	428	0	0	365633
PSC	0	NIC272	2838785	79906	34777	65867	48816	39875	23.3	844	0	0	340798
PSC	0	NIC274	3082734	98519	1545	56737	43327	37956	25.9	852	0	0	113335
PSC	0	NIC275	2941880	92119	12458	59877	44700	37121	38.9	947	0	0	250542
PSC	0	NIC276	3071303	77485	1913	45445	33953	29501	36.2	640	0	0	154168
PSC	0	NIC277	3076298	73944	1164	42706	32402	29129	30.8	589	0	0	153971
PSC	0	NIC3	3059451	96681	2141	56074	42748	38264	26.0	997	0	0	137296
PSC	0	NIC501	2961465	121542	2725	71218	53049	41614	39.3	680	0	0	206692
PSC	0	NIC511	3118779	79353	988	45619	34722	32185	26.3	835	0	0	102981
PSC	0	NIC513	3044171	108287	1600	62843	47044	40355	33.8	530	0	0	139600
PSC	0	NIC514	3000485	100420	2682	59248	43854	37533	43.0	639	0	0	192988
PSC	0	NIC515	2975969	114676	1798	67231	49243	40506	26.0	931	0	0	201149
PSC	0	NIC522	3098783	74947	1299	43494	32752	27918	29.2	664	0	0	131523
PSC	0	NIC523	3041509	107448	2503	62356	47595	40684	25.8	1209	0	0	141897
PSC	0	NIC526	3068040	99654	1611	57224	44041	38146	33.4	1618	0	0	126742
PSC	0	NIC527	3071058	90432	1440	52032	39840	34812	26.3	1125	0	0	136587
PSC	0	NIC528	3049554	99789	1670	58533	42926	35232	26.0	1128	0	0	147880
PSC	0	NIC529	3120024	72681	853	41908	31626	29255	40.6	926	0	0	111539
PSC	0	PB303	3115123	69721	1721	40820	30622	26012	31.8	621	0	0	121709
PSC	0	ECA259	3017159	114304	2548	67129	49723	40858	38.9	4884	0	0	158959
PSC	0	PS2025	2942539	142319	3802	83731	62390	49841	38.3	519	0	0	194750
PSC	0	PX179	3210279	45662	444	26228	19878	18463	39.4	531	0	0	59866
PSC	0	QG2075	2987403	117619	11775	74347	55047	45834	44.4	2177	0	0	170987
PSC	0	QG2811	3122108	69467	2346	40973	30840	28202	32.7	1632	0	0	111925
PSC	0	QG2813	3085591	82235	2348	48341	36242	32469	29.9	1406	0	0	131374
PSC	0	QG2818	3167179	64278	791	36904	28165	26964	34.3	792	0	0	75099
PSC	0	QG2823	3079188	82588	1950	48371	36167	31937	32.9	621	0	0	138342
PSC	0	QG2824	3127386	77903	1131	44787	34247	32479	30.9	836	0	0	95236
PSC	0	QG2825	3088076	77429	1758	45439	33748	29480	29.9	592	0	0	137440
PSC	0	QG2827	2988373	125498	4078	74114	55462	45703	32.8	554	0	0	170070
PSC	0	QG2828	2957407	99746	29195	73814	55127	44660	29.1	489	0	0	202777
PSC	0	QG2832	3056179	104130	3295	61779	45646	37672	31.4	508	0	0	132685
PSC	0	QG2835	3015823	107226	3055	63503	46778	39383	31.1	824	0	0	168259
PSC	0	QG2836	3041840	95401	2235	55871	41765	35725	28.6	798	0	0	158783
PSC	0	QG2837	3044776	103951	2222	61286	44887	35920	34.6	628	0	0	147057
PSC	0	QG2838	3021218	113508	2996	66998	49506	41057	34.3	1596	0	0	154773
PSC	0	QG2841	3041639	94537	2859	55585	41811	37342	32.1	1565	0	0	157471
PSC	0	QG2843	3138306	64226	775	36808	28193	26963	29.6	805	0	0	104028
PSC	0	QG2846	2969958	127583	3980	75863	55700	46122	30.2	2182	0	0	185777
PSC	0	QG2850	3095570	87313	1307	50814	37806	33837	31.8	649	0	0	116046
PSC	0	QG2854	3014684	115931	1950	68078	49803	42023	31.9	360	0	0	159281
PSC	0	QG2855	3010062	120044	2013	70384	51673	43366	29.7	369	0	0	158432
PSC	0	QG2857	3024920	111310	1863	65335	47838	40301	27.5	559	0	0	155545
PSC	0	QG2873	3028499	112070	2207	66057	48220	40187	31.8	348	0	0	150918
PSC	0	QG2874	3019286	113698	2018	66906	48810	40686	29.2	406	0	0	158188
PSC	0	QG2875	3040374	103639	2381	60806	45214	39907	34.1	1273	0	0	147528
PSC	0	QG2877	3004448	112743	2346	66549	48540	40728	32.5	784	0	0	173432
PSC	0	QG2932	3096796	87811	1287	50801	38297	35121	33.1	1803	0	0	112977
PSC	0	QG536	3086000	87299	2791	51562	38528	31733	42.3	970	0	0	126343
PSC	0	QG556	2790853	122880	4224	73374	53730	39988	29.3	1636	0	0	375818
PSC	0	QG557	2824676	90026	2007	53073	38960	31110	28.7	484	0	0	386567
PSC	0	QW947	2934998	113800	2421	67033	49188	39252	26.1	1151	0	0	243665
PSC	0	QX1211	2564813	357074	10930	207093	160911	114961	64.3	15637	0	0	282521
PSC	0	QX1212	2999633	116605	3878	69369	51114	41548	46.6	895	0	0	172087
PSC	0	QX1233	3050982	95066	5603	56891	43778	39060	36.3	603	0	0	143235
PSC	0	QX1791	2852056	187648	8674	113369	82953	63803	50.7	23650	0	0	220086
PSC	0	QX1792	2945496	143242	4195	84265	63172	52991	50.9	4107	0	0	187231
PSC	0	QX1793	2940106	153405	4463	90510	67358	54862	39.6	4721	0	0	180299
PSC	0	QX1794	2830133	156056	12941	97251	71746	56023	42.1	4291	0	0	278117
PSC	0	RC301	3102043	74325	1927	43472	32780	28186	36.5	627	0	0	127724
PSC	0	WN2001	2954455	135523	3347	79928	58942	47458	39.7	1937	0	0	192735
PSC	0	WN2002	2979715	82825	2349	49015	36159	28453	30.3	1126	0	0	240999
PSC	0	WN2033	3040330	90358	5240	54715	40883	35853	31.0	770	0	0	162207
PSC	0	WN2050	3015776	96696	2260	56988	41968	33300	27.0	620	0	0	186273
PSC	0	WN2063	3113113	82063	2639	47817	36885	34225	34.6	904	0	0	102098
PSC	0	WN2064	3098689	46490	3126	28261	21355	18958	31.6	625	0	0	167512
PSC	0	WN2066	3176284	56460	1754	33210	25004	22906	38.3	611	0	0	77118
PSC	0	XZ1513	2877087	168910	5647	99972	74585	59251	29.0	1617	0	0	222326
PSC	0	XZ1514	2477486	364602	12778	213104	164276	114719	29.7	34694	0	0	360931
PSC	0	XZ1515	2873393	168302	6033	99160	75175	58392	26.9	9126	0	0	227171
PSC	0	XZ1516	2225829	500239	21616	297049	224806	147133	27.6	205846	0	0	433608
PSC	0	XZ1672	3017427	66329	6997	42025	31301	26481	24.7	1013	0	0	217192
PSC	0	XZ1734	2909823	104501	10317	66472	48346	38193	30.3	1338	0	0	271139
PSC	0	XZ1735	2926261	95894	8902	60491	44305	34633	25.8	1232	0	0	268399
PSC	0	XZ1756	2905389	85032	8639	54476	39195	30753	26.4	917	0	0	304415
PSC	0	XZ2018	2980845	50006	4141	30965	23182	19959	26.7	772	0	0	279672
PSC	0	XZ2019	2721089	158860	18184	102484	74560	55650	29.5	13320	0	0	379185
PSC	0	XZ2020	2981421	80831	9773	52504	38100	29007	23.2	2405	0	0	233404